	importance
C[C>A]G	0.10652854699366382
G[C>A]T	0.056684076884782914
G[C>A]A	0.04928222657746995
G[C>A]C	0.04872813021112738
C[C>A]C	0.04865213843741512
C[T>A]G	0.040360806337624684
C[C>A]A	0.03567289828586348
C[C>T]G	0.028075759294388106
C[T>A]C	0.025980862827986274
C[C>A]T	0.02556398681077099
A[T>A]G	0.023492154291157114
T[T>A]G	0.022722684768033217
G[T>A]A	0.01992107033226623
A[C>A]C	0.019836416816387745
A[C>A]T	0.01864362062740006
T[C>A]G	0.016371638534202357
T[C>A]T	0.014629120225249332
C[T>A]T	0.013995660104927053
T[C>A]A	0.013777637167608088
A[C>T]A	0.013206884697440484
A[C>T]T	0.012861189089417063
G[C>A]G	0.012279978419398024
C[C>T]A	0.011546609311644241
A[T>C]G	0.011496182454626788
A[T>C]T	0.010691743500845823
A[C>T]G	0.010667956090678115
T[T>C]A	0.010592080988252008
T[T>C]G	0.010585877220605375
A[C>A]A	0.010445422374743784
G[T>C]A	0.010420357793427586
G[C>T]A	0.009962288004521345
A[C>A]G	0.009915407023309201
C[T>G]G	0.009282852621516714
C[T>C]G	0.008515741384202484
C[C>T]T	0.00846755688948342
G[C>T]T	0.007966118261520397
C[C>G]G	0.007921566672996727
T[C>G]G	0.007654102197007497
G[C>T]C	0.0071298926857532915
demographic.gender	0.006955564769632812
G[C>G]A	0.006836750904698696
A[T>A]C	0.006826384170603864
T[T>A]C	0.00672580991741213
C[T>C]T	0.006683873934377418
C[T>C]C	0.006494152263300542
C[T>A]A	0.0063193252145475375
T[C>T]C	0.0063121627480278745
T[C>T]A	0.005823402328688927
T[C>A]C	0.004918690944499622
A[C>G]A	0.004725389683058948
T[C>G]T	0.004598181298902171
age_years	0.004529984828546833
T[C>T]T	0.004483641813031531
C[C>T]C	0.004332905018634173
C[C>G]C	0.004076280355197067
A[C>T]C	0.004072140591154643
C[T>G]T	0.003790017359065845
G[C>G]T	0.003774059546416974
T[C>G]A	0.003712226214815637
T[C>G]C	0.003341017374113151
A[T>G]C	0.003031429347035571
G[T>G]T	0.002991713086145952
T[T>A]T	0.0029804717919484362
G[C>G]C	0.0029735426433934948
T[T>G]T	0.00291228003145641
G[T>C]C	0.002775137431774141
G[C>T]G	0.0027661675537083374
A[C>G]G	0.002356674433005258
T[T>C]C	0.0023250914083690656
C[C>G]T	0.00228781724554329
T[C>T]G	0.002281928914661405
G[C>G]G	0.002224831028569216
G[T>A]T	0.0020671221482869186
G[T>A]G	0.002032800865988117
C[T>C]A	0.0020196301694402007
A[T>C]A	0.0018991390951744985
G[T>A]C	0.0018463420156800575
G[T>C]T	0.0018094278636200068
A[C>G]C	0.0014995902168425624
C[C>G]A	0.0014924219856906407
A[T>C]C	0.001476943351781163
C[T>G]C	0.0014751649341140794
G[T>C]G	0.001442074516588644
A[T>A]A	0.0012182699633610935
A[C>G]T	0.0012150780934013785
G[T>G]C	0.0010290963389448964
T[T>A]A	0.0009723061999185683
A[T>A]T	0.0008873845643812197
T[T>C]T	0.0008448761230237828
G[T>G]A	0.0006728957842597166
T[T>G]C	0.0005540039926807759
G[T>G]G	0.0005423156874965085
T[T>G]G	0.0005274486673344309
A[T>G]G	0.00041130964730881706
A[T>G]T	0.00029606837063071814
A[T>G]A	0.0
C[T>G]A	0.0
T[T>G]A	0.0
